﻿<?xml version="1.0" encoding="UTF-8"?><SLA Version="1.0"><TxList><Tx>巡检计划-查看</Tx><Tx>巡检计划-修改-查看</Tx><Tx>vuser_end_Transaction</Tx><Tx>巡检审核-查看详情</Tx><Tx>G-M-S泵站事务</Tx><Tx>Action2_Transaction</Tx><Tx>巡检审核-审核</Tx><Tx>巡检计划-查看-添加计划</Tx><Tx>巡检地点-修改</Tx><Tx>Action3_Transaction</Tx><Tx>登录事务</Tx><Tx>角色管理-分配管理</Tx><Tx>Action4_Transaction</Tx><Tx>vuser_init_Transaction</Tx><Tx>设备属性事务</Tx><Tx>系统管理-角色管理</Tx><Tx>系统管理-用户管理</Tx><Tx>巡检计划-修改</Tx><Tx>系统管理-用户管理-修改</Tx><Tx>Action1_Transaction</Tx><Tx>基础设施事务</Tx><Tx>采购审核事务</Tx><Tx>爆管监控事务</Tx><Tx>设备列表事务</Tx><Tx>巡检计划-添加</Tx></TxList><SLARules><TrackingPeriodType>Default</TrackingPeriodType><TrackingPeriodValue></TrackingPeriodValue><TrackingPeriodTimeScale></TrackingPeriodTimeScale></SLARules></SLA>