[
    {
        "stepId": "STEP1",
        "stepName": "Custom Request: 登录",
        "infFile": "t2.inf",
        "time": 1656670009251
    },
    {
        "stepId": "STEP2",
        "stepName": "Custom Request: 基础设施编辑",
        "infFile": "t3.inf",
        "time": 1656670009344
    },
    {
        "stepId": "STEP3",
        "stepName": "Url: web_url",
        "infFile": "t4.inf",
        "time": 1656670009387
    },
    {
        "stepId": "STEP4",
        "stepName": "Custom Request: 基础设施修改",
        "infFile": "t5.inf",
        "time": 1656670009419
    },
    {
        "stepId": "STEP5",
        "stepName": "Custom Request: 基础设施添加",
        "infFile": "t6.inf",
        "time": 1656670009451
    },
    {
        "stepId": "STEP6",
        "stepName": "Url: web_url",
        "infFile": "t7.inf",
        "time": 1656670009481
    },
    {
        "stepId": "STEP7",
        "stepName": "Custom Request: 设备列表查询",
        "infFile": "t8.inf",
        "time": 1656670009514
    },
    {
        "stepId": "STEP8",
        "stepName": "Url: 设备列表详情",
        "infFile": "t9.inf",
        "time": 1656670009544
    },
    {
        "stepId": "STEP9",
        "stepName": "Custom Request: 设备列表修改",
        "infFile": "t10.inf",
        "time": 1656670009576
    },
    {
        "stepId": "STEP10",
        "stepName": "Url: 设备列表分配列表",
        "infFile": "t11.inf",
        "time": 1656670009604
    },
    {
        "stepId": "STEP11",
        "stepName": "Url: 设备列表分配",
        "infFile": "t12.inf",
        "time": 1656670009635
    },
    {
        "stepId": "STEP12",
        "stepName": "Url: 设备列表待批列表",
        "infFile": "t13.inf",
        "time": 1656670009664
    },
    {
        "stepId": "STEP13",
        "stepName": "Url: 设备列表已批列表",
        "infFile": "t14.inf",
        "time": 1656670009692
    },
    {
        "stepId": "STEP14",
        "stepName": "Custom Request: 设备属性添加",
        "infFile": "t15.inf",
        "time": 1656670009724
    },
    {
        "stepId": "STEP15",
        "stepName": "Custom Request: 设备属性修改",
        "infFile": "t16.inf",
        "time": 1656670009757
    },
    {
        "stepId": "STEP16",
        "stepName": "Url: 爆管监控",
        "infFile": "t17.inf",
        "time": 1656670009788
    },
    {
        "stepId": "STEP17",
        "stepName": "Custom Request: 登录",
        "infFile": "t19.inf",
        "time": 1656670009827
    },
    {
        "stepId": "STEP18",
        "stepName": "Custom Request: web_custom_request",
        "infFile": "t20.inf",
        "time": 1656670009865
    },
    {
        "stepId": "STEP19",
        "stepName": "Custom Request: web_custom_request",
        "infFile": "t21.inf",
        "time": 1656670009899
    },
    {
        "stepId": "STEP20",
        "stepName": "Url: web_url",
        "infFile": "t22.inf",
        "time": 1656670009936
    },
    {
        "stepId": "STEP21",
        "stepName": "Custom Request: web_custom_request",
        "infFile": "t23.inf",
        "time": 1656670009973
    },
    {
        "stepId": "STEP22",
        "stepName": "Url: web_url",
        "infFile": "t24.inf",
        "time": 1656670010008
    },
    {
        "stepId": "STEP23",
        "stepName": "Url: web_url",
        "infFile": "t25.inf",
        "time": 1656670010059
    },
    {
        "stepId": "STEP24",
        "stepName": "Url: web_url",
        "infFile": "t26.inf",
        "time": 1656670010095
    },
    {
        "stepId": "STEP25",
        "stepName": "Custom Request: web_custom_request",
        "infFile": "t27.inf",
        "time": 1656670010131
    },
    {
        "stepId": "STEP26",
        "stepName": "Url: web_url",
        "infFile": "t28.inf",
        "time": 1656670010163
    },
    {
        "stepId": "STEP27",
        "stepName": "Url: web_url",
        "infFile": "t29.inf",
        "time": 1656670010198
    },
    {
        "stepId": "STEP28",
        "stepName": "Url: web_url",
        "infFile": "t30.inf",
        "time": 1656670010246
    },
    {
        "stepId": "STEP29",
        "stepName": "Custom Request: web_custom_request",
        "infFile": "t31.inf",
        "time": 1656670010394
    },
    {
        "stepId": "STEP30",
        "stepName": "Custom Request: 登陆测试",
        "infFile": "t33.inf",
        "time": 1656670010590
    },
    {
        "stepId": "STEP31",
        "stepName": "Custom Request: 进入维修系统首页测试",
        "infFile": "t34.inf",
        "time": 1656670010682
    },
    {
        "stepId": "STEP32",
        "stepName": "Custom Request: 进入未派工单",
        "infFile": "t35.inf",
        "time": 1656670010822
    },
    {
        "stepId": "STEP33",
        "stepName": "Custom Request: 未派工单查询",
        "infFile": "t36.inf",
        "time": 1656670010904
    },
    {
        "stepId": "STEP34",
        "stepName": "Custom Request: 添加未派工单",
        "infFile": "t37.inf",
        "time": 1656670010950
    },
    {
        "stepId": "STEP35",
        "stepName": "Custom Request: 未派工单重置",
        "infFile": "t38.inf",
        "time": 1656670011038
    },
    {
        "stepId": "STEP36",
        "stepName": "Custom Request: 未派工单修改",
        "infFile": "t39.inf",
        "time": 1656670011076
    },
    {
        "stepId": "STEP37",
        "stepName": "Custom Request: 未派工单删除",
        "infFile": "t40.inf",
        "time": 1656670011115
    },
    {
        "stepId": "STEP38",
        "stepName": "Custom Request: 进入已派工单",
        "infFile": "t41.inf",
        "time": 1656670011153
    },
    {
        "stepId": "STEP39",
        "stepName": "Custom Request: 已派工单重置",
        "infFile": "t42.inf",
        "time": 1656670011194
    },
    {
        "stepId": "STEP40",
        "stepName": "Custom Request: 已派工单去审核",
        "infFile": "t43.inf",
        "time": 1656670011230
    },
    {
        "stepId": "STEP41",
        "stepName": "Custom Request: 已派工单删除",
        "infFile": "t44.inf",
        "time": 1656670011266
    },
    {
        "stepId": "STEP42",
        "stepName": "Custom Request: 进入未审核工单",
        "infFile": "t45.inf",
        "time": 1656670011300
    },
    {
        "stepId": "STEP43",
        "stepName": "Custom Request: 未审核工单查询",
        "infFile": "t46.inf",
        "time": 1656670011345
    },
    {
        "stepId": "STEP44",
        "stepName": "Custom Request: 未审核工单重置",
        "infFile": "t47.inf",
        "time": 1656670011385
    },
    {
        "stepId": "STEP45",
        "stepName": "Custom Request: 未审核工单审核",
        "infFile": "t48.inf",
        "time": 1656670011428
    },
    {
        "stepId": "STEP46",
        "stepName": "Custom Request: 未审核工单删除",
        "infFile": "t49.inf",
        "time": 1656670011466
    },
    {
        "stepId": "STEP47",
        "stepName": "Custom Request: 进入已审核工单",
        "infFile": "t50.inf",
        "time": 1656670011504
    },
    {
        "stepId": "STEP48",
        "stepName": "Custom Request: 已审核工单查询",
        "infFile": "t51.inf",
        "time": 1656670011560
    },
    {
        "stepId": "STEP49",
        "stepName": "Custom Request: 已审核工单重置",
        "infFile": "t52.inf",
        "time": 1656670011611
    },
    {
        "stepId": "STEP50",
        "stepName": "Custom Request: web_custom_request",
        "infFile": "t53.inf",
        "time": 1656670011642
    },
    {
        "stepId": "STEP51",
        "stepName": "Custom Request: 进入设备维修",
        "infFile": "t54.inf",
        "time": 1656670011677
    },
    {
        "stepId": "STEP52",
        "stepName": "Custom Request: 设备维修查询",
        "infFile": "t55.inf",
        "time": 1656670011710
    },
    {
        "stepId": "STEP53",
        "stepName": "Custom Request: 设备维修完成检修",
        "infFile": "t56.inf",
        "time": 1656670011742
    },
    {
        "stepId": "STEP54",
        "stepName": "Custom Request: 设备维修删除",
        "infFile": "t57.inf",
        "time": 1656670011773
    },
    {
        "stepId": "STEP55",
        "stepName": "Custom Request: 登录",
        "infFile": "t59.inf",
        "time": 1656670011811
    },
    {
        "stepId": "STEP56",
        "stepName": "Url: 添加采购项页面",
        "infFile": "t60.inf",
        "time": 1656670011846
    },
    {
        "stepId": "STEP57",
        "stepName": "Custom Request: 添加采购项",
        "infFile": "t61.inf",
        "time": 1656670011882
    },
    {
        "stepId": "STEP58",
        "stepName": "Custom Request: 采购审核通过操作",
        "infFile": "t62.inf",
        "time": 1656670011917
    },
    {
        "stepId": "STEP59",
        "stepName": "Custom Request: 采购反馈提交操作",
        "infFile": "t63.inf",
        "time": 1656670011952
    },
    {
        "stepId": "STEP60",
        "stepName": "Url: 泵站信息页面",
        "infFile": "t64.inf",
        "time": 1656670011987
    },
    {
        "stepId": "STEP61",
        "stepName": "Custom Request: 添加站点数据",
        "infFile": "t65.inf",
        "time": 1656670012024
    },
    {
        "stepId": "STEP62",
        "stepName": "Custom Request: 修改站点数据",
        "infFile": "t66.inf",
        "time": 1656670012057
    },
    {
        "stepId": "STEP63",
        "stepName": "Custom Request: 泵站数据信息查询",
        "infFile": "t67.inf",
        "time": 1656670012089
    }
]