[
    {
        "transactionName": "登录事务",
        "rawStartTime": 1656670008120,
        "rawEndTime": 1656670009312
    },
    {
        "transactionName": "基础设施事务",
        "rawStartTime": 1656670009315,
        "rawEndTime": 1656670009485
    },
    {
        "transactionName": "设备列表事务",
        "rawStartTime": 1656670009489,
        "rawEndTime": 1656670009696
    },
    {
        "transactionName": "设备属性事务",
        "rawStartTime": 1656670009700,
        "rawEndTime": 1656670009761
    },
    {
        "transactionName": "爆管监控事务",
        "rawStartTime": 1656670009764,
        "rawEndTime": 1656670009792
    },
    {
        "transactionName": "登录事务",
        "rawStartTime": 1656670009805,
        "rawEndTime": 1656670009837
    },
    {
        "transactionName": "巡检地点-修改",
        "rawStartTime": 1656670009839,
        "rawEndTime": 1656670009870
    },
    {
        "transactionName": "巡检计划-添加",
        "rawStartTime": 1656670009874,
        "rawEndTime": 1656670009905
    },
    {
        "transactionName": "巡检计划-查看",
        "rawStartTime": 1656670009909,
        "rawEndTime": 1656670009942
    },
    {
        "transactionName": "巡检计划-查看-添加计划",
        "rawStartTime": 1656670009946,
        "rawEndTime": 1656670009979
    },
    {
        "transactionName": "巡检计划-修改",
        "rawStartTime": 1656670009983,
        "rawEndTime": 1656670010013
    },
    {
        "transactionName": "巡检计划-修改-查看",
        "rawStartTime": 1656670010017,
        "rawEndTime": 1656670010065
    },
    {
        "transactionName": "巡检审核-查看详情",
        "rawStartTime": 1656670010069,
        "rawEndTime": 1656670010101
    },
    {
        "transactionName": "巡检审核-审核",
        "rawStartTime": 1656670010105,
        "rawEndTime": 1656670010136
    },
    {
        "transactionName": "系统管理-角色管理",
        "rawStartTime": 1656670010141,
        "rawEndTime": 1656670010168
    },
    {
        "transactionName": "角色管理-分配管理",
        "rawStartTime": 1656670010173,
        "rawEndTime": 1656670010204
    },
    {
        "transactionName": "系统管理-用户管理",
        "rawStartTime": 1656670010208,
        "rawEndTime": 1656670010263
    },
    {
        "transactionName": "系统管理-用户管理-修改",
        "rawStartTime": 1656670010267,
        "rawEndTime": 1656670010400
    },
    {
        "transactionName": "登录事务",
        "rawStartTime": 1656670011791,
        "rawEndTime": 1656670011817
    },
    {
        "transactionName": "采购审核事务",
        "rawStartTime": 1656670011824,
        "rawEndTime": 1656670011959
    },
    {
        "transactionName": "G-M-S泵站事务",
        "rawStartTime": 1656670011967,
        "rawEndTime": 1656670012094
    }
]